{
  "": {
    "swift-dependencies": "/Users/darrelm/Desktop/SWIFT_BOIZ/Watch My Back/Watch My Back/.build/x86_64-apple-macosx10.10/debug/Watch_My_Back.build/master.swiftdeps"
  },
  "/Users/darrelm/Desktop/SWIFT_BOIZ/Watch My Back/Watch My Back/Sources/Watch My Back/main.swift": {
    "dependencies": "/Users/darrelm/Desktop/SWIFT_BOIZ/Watch My Back/Watch My Back/.build/x86_64-apple-macosx10.10/debug/Watch_My_Back.build/main.d",
    "object": "/Users/darrelm/Desktop/SWIFT_BOIZ/Watch My Back/Watch My Back/.build/x86_64-apple-macosx10.10/debug/Watch_My_Back.build/main.swift.o",
    "swiftmodule": "/Users/darrelm/Desktop/SWIFT_BOIZ/Watch My Back/Watch My Back/.build/x86_64-apple-macosx10.10/debug/Watch_My_Back.build/main~partial.swiftmodule",
    "swift-dependencies": "/Users/darrelm/Desktop/SWIFT_BOIZ/Watch My Back/Watch My Back/.build/x86_64-apple-macosx10.10/debug/Watch_My_Back.build/main.swiftdeps"
  }
}
