{"object": {"dependencies": [{"basedOn": null, "packageRef": {"identity": "swiftyjson", "isLocal": false, "name": "SwiftyJSON", "path": "https://github.com/SwiftyJSON/SwiftyJSON.git"}, "state": {"checkoutState": {"branch": null, "revision": "dadbfcffd5f51e2b488a26e83f188d96755e5393", "version": "3.1.4"}, "name": "checkout"}, "subpath": "SwiftyJSON.git-4477369417988472097"}, {"basedOn": null, "packageRef": {"identity": "alamofire", "isLocal": false, "name": "Alamofire", "path": "https://github.com/Alamofire/Alamofire.git"}, "state": {"checkoutState": {"branch": null, "revision": "32573d05b91d8b7349ca31b4726e80212483f02a", "version": "4.8.0"}, "name": "checkout"}, "subpath": "Alamofire.git-2531472500898408764"}]}, "version": 2}